nazwa_instytucji,badges,lokalizacja,adres,rodzaj_dzialalnosci,ilosc_miejsc,wpis_krdo,strona
Powiatowy Dom Pomocy Społecznej w Ostrowinie z Filią w Jemielnej,REKOMENDACJA KIDO,Powiat oleśnicki,"Ostrowina 21,
									56-400
									Ostrowina",dla osób dorosłych niepełnosprawnych intelektualnie (Publiczny),305,03/KR - 2021,4
Dom Pomocy Społecznej Pakówka,REKOMENDACJA KIDO,Powiat rawicki,"Pakówka 42,
									63-940
									Bojanowo",dla dorosłych niepełnosprawnych intelektualnie (Publiczny),170,425/KR - 2021,4
Powiatowy Dom Pomocy Społecznej,REKOMENDACJA KIDO,Powiat oleśnicki,"Ostrowina 21,
									56-400
									Oleśnica",dla osób dorosłych niepełnosprawnych intelektualnie (Publiczny),305,2622/KR - 2021,14
Dom Pomocy Społecznej Łódź Spadkowa,REKOMENDACJA KIDO,Łódź,"Spadkowa 4/6,
									91-232
									Łódź",dla dorosłych niepełnosprawnych intelektualnie oraz dzieci i młodzieży niepełnosprawnych intelektualnie (Publiczny),178,1158/KR - 2021,21
Dom Pomocy Społecznej Junior,REKOMENDACJA KIDO,Powiat jeleniogórski,"Miłków 138,
									58-535
									Podgórzyn",dla dzieci i młodzieży niepełnosprawnych intelektualnie (36 miejsc) oraz dla dorosłych niepełnosprawnych intelektualnie (66 miejsc) (Publiczny),102,2660/KR - 2021,27
Dom Pomocy Społecznej Resko,,Powiat łobeski,"ul. Wojska Polskiego 40  ,
									73-310 
									Resko",dla osób dorosłych niepełnosprawnych intelektualnie oraz osób przewlekle psychicznie chorych (Publiczny),140,65/KR - 2021,47
Dom Pomocy Społecznej Nowe Bielice,,Powiat koszaliński,"Nowe Bielice 1-3,
									76-039
									Biesiekierz",dla dzieci i młodzieży i dorosłych niepełnosprawnych intelektualnie (Publiczny),142,68/KR - 2021,47
Dom Pomocy Społecznej Bobolice,,Powiat koszaliński,"Pionierów 3,
									76-020
									Bobolice",dla dorosłych niepełnosprawnych intelektualnie oraz dzieci i młodzieży niepełnosprawnych intelektualnie (Publiczny),65,70/KR - 2021,48
Dom Pomocy Społecznej Modrzewiec,,Powiat świdwiński,"Modrzewiec 8,
									78-331
									Rąbino",dla dorosłych niepełnosprawnych intelektualnie (Publiczny),90,75/KR - 2021,48
Dom Pomocy Społecznej Jaromin,,Powiat gryficki,"Jaromin k/Trzebiatowa,
									72-320 
									Jaromin",dla osób przewlekle psychicznie chorych oraz osób dorosłych niepełnosprawnych intelektualnie (Publiczny),345,83/KR - 2021,49
Dom Pomocy Społecznej Brzeziny,,Powiat choszczeński,"Brzeziny 10,
									73-220
									Drawno",dla osób dorosłych niepełnosprawnych intelektualnie (Publiczny),104,85/KR - 2021,49
Dom Pomocy Społecznej Nowogard,,Powiat goleniowski,"Smużyny 2,
									72-200
									Nowogard",dla osób niepełnosprawnych intelektualnie oraz przewlekle psychicznie chorych (Publiczny),237,87/KR - 2021,50
Dom Pomocy Społecznej Moryń,,Powiat gryfiński,"Rynkowa 27,
									74-503
									Moryń",dla dorosłych niepełnosprawnych intelektualnie (Publiczny),120,91/KR - 2021,50
Dom Pomocy Społecznej Nowe Czarnowo,,Powiat gryfiński,"Nowe Czarnowo 74,
									74-105
									Nowe Czarnowo","dla dzieci, młodzieży i dorosłych niepełnosprawnych intelektualnie (Publiczny)",120,92/KR - 2021,50
Dom Pomocy Społecznej Kołobrzeg,,Powiat kołobrzeski,"Mazowiecka 29,
									78-100
									Kołobrzeg",dla dorosłych niepełnosprawnych intelektualnie (Publiczny),35,94/KR - 2021,50
Dom Pomocy Społecznej Katolickiego Stowarzyszenia Niepełnosprawnych Archidiecezji Warszawskiej w Brwinowie,,Powiat pruszkowski,"Wiosenna 21,
									05-840
									Brwinów",dla osób dorosłych niepełnosprawnych intelektualnie oraz dzieci i młodzieży niepełnosprawnych intelektualnie (Publiczny),55,228/KR - 2021,62
Dom Pomocy Społecznej w Konstancinie – Jeziornie,,Powiat piaseczyński,"Potulickich 1,
									05-510
									Konstancin-Jeziorna",dla osób dorosłych niepełnosprawnych intelektualnie oraz dzieci i młodzieży niepełnosprawnych intelektualnie (Publiczny),122,239/KR - 2021,63
Dom Pomocy Społecznej w Nowym Mieście n/Pilicą,,Powiat grójecki,"Ogrodowa 18,
									26-420
									Nowe Miasto",dla osób dorosłych niepełnosprawnych intelektualnie oraz dzieci i młodzieży niepełnosprawnych intelektualnie (Publiczny),66,241/KR - 2021,63
Dom Pomocy Społecznej w Brańszczyku,,Powiat wyszkowski,"Jana Pawła II 65,
									07-221
									Brańszczyk",dla osób przewlekle somatycznie chorych oraz dorosłych niepełnosprawnych intelektualnie (Publiczny),194,246/KR - 2021,64
Dom Pomocy Społecznej Na Bachusa w Warszawie,,Warszawa,"Bachusa 7,
									04-814
									Warszawa",dla osób dorosłych niepełnosprawnych intelektualnie oraz dzieci i młodzieży niepełnosprawnych intelektualnie (Publiczny),80,261/KR - 2021,65
Dom Pomocy Społecznej w Kątach,,Powiat miński,"Kąty 22,
									05-332
									Siennica",dla osób dorosłych niepełnosprawnych intelektualnie oraz dzieci i młodzieży niepełnosprawnych intelektualnie (Publiczny),50,269/KR - 2021,66
Dom Pomocy Społecznej Na Przedwiośniu w Warszawie,,Warszawa,"Przedwiośnie 1,
									04-748
									Warszawa",dla osób dorosłych niepełnosprawnych intelektualnie oraz dzieci i młodzieży niepełnosprawnych intelektualnie (Publiczny),100,279/KR - 2021,67
Dom Pomocy Społecznej im. Abp. A. J. Nowowiejskiego w Brwilnie,,Płock,"Płocka 90,
									09-400
									Płock",dla dorosłych niepełnosprawnych intelektualnie (Publiczny),140,286/KR - 2021,68
Dom Pomocy Społecznej dla Dzieci i Młodzieży w Warszawie,,Warszawa,"Żegańska 34,
									04-713
									Warszawa",dla dzieci i młodzieży niepełnosprawnych intelektualnie (Publiczny),70,288/KR - 2021,68
Dom Pomocy Społecznej w Goślicach,,Powiat płocki,"Goślice 66,
									09-230
									Bielsk",dla dzieci i młodzieży niepełnosprawnych intelektualnie (Publiczny),128,290/KR - 2021,68
Dom Pomocy Społecznej w Wirowie,,Powiat sokołowski,"Aleja Jana Pawła II 2,
									08-304
									Jabłonna Lacka",dla dorosłych niepełnosprawnych intelektualnie (Publiczny),104,294/KR - 2021,69
Dom Pomocy Społecznej im. Księdza Kardynała Józefa Glempa w Bramkach,,Powiat warszawski zachodni,"Północna 18, Bramki,
									05-870
									Błonie",dla dorosłych niepełnosprawnych intelektualnie oraz osób przewlekle psychicznie chorych (Publiczny),170,296/KR - 2021,69
Dom Pomocy Społecznej w Sadowej,,Powiat warszawski zachodni,"Jagodowa 2, Sadowa,
									05-092
									Łomianki",dla dorosłych niepełnosprawnych intelektualnie (Publiczny),100,297/KR - 2021,69
Dom Pomocy Społecznej dla Dorosłych prowadzony przez Zgromadzenie Sióstr Albertynek w Życzynie,,Powiat garwoliński,"Dębówka 53,
									08-455
									Trojanów",dla dorosłych niepełnosprawnych intelektualnie kobiet (Publiczny),77,299/KR - 2021,69
Dom Pomocy Społecznej w Niegowie,,Powiat wyszkowski,"Wierzbowa 4,
									07-230
									Zabrodzie",dla dorosłych niepełnosprawnych intelektualnie oraz dla dzieci i młodzieży niepełnosprawnych intelektualnie (Publiczny),100,300/KR - 2021,69
Dom Pomocy Społecznej Nad Jarem w Nowym Miszewie,,Powiat płocki,"Pałacowa 2B,
									09-471
									Nowe Miszewo",dla dorosłych niepełnosprawnych intelektualnie z oddziałem dla osób przewlekle psychicznie chorych (Publiczny),186,303/KR - 2021,70
Dom Pomocy Społecznej dla Dzieci Fiszor w Gaju,,Powiat wyszkowski,"Matki Jaroszewskiej 5,
									07-230
									Zabrodzie",dla dzieci i młodzieży niepełnosprawnych intelektualnie (Publiczny),85,305/KR - 2021,70
Dom Pomocy Społecznej w Bądzynie,,Powiat żuromiński,"Bądzyn 75,
									09-304
									Lubowidz",dla dorosłych niepełnosprawnych intelektualnie (Publiczny),64,307/KR - 2021,70
Dom Pomocy Społecznej w Krzyżanowicach,,Powiat radomski,"Krzyżanowice 219,
									27-100
									Iłża",dla dorosłych niepełnosprawnych intelektualnie (Publiczny),130,308/KR - 2021,70
Dom Pomocy Społecznej w Otwocku,,Powiat otwocki,"Marii Konopnickiej 17,
									05-400
									Otwock",dla dorosłych niepełnosprawnych intelektualnie (Publiczny),38,310/KR - 2021,70
Dom Pomocy Społecznej w Przasnyszu,,Powiat przasnyski,"Ruda 1,
									06-300
									Przasnysz",dla dorosłych niepełnosprawnych intelektualnie (Publiczny),189,312/KR - 2021,71
Dom Pomocy Społecznej w Niedabylu,,Powiat białobrzeski,"Niedabyl 36A,
									26-804
									Stromiec",dla osób dorosłych niepełnosprawnych intelektualnie oraz dzieci i młodzieży niepełnosprawnych intelektualnie (Publiczny),70,314/KR - 2021,71
Dom Pomocy Społecznej w Wierzbicy,,Powiat radomski,"Sienkiewicza 37,
									26-680
									Wierzbica",dla osób dorosłych niepełnosprawnych intelektualnie oraz dla dzieci i młodzieży niepełnosprawnych intelektualnie oraz dla osób przewlekle somatycznie chorych (Publiczny),126,317/KR - 2021,71
Dom Pomocy Społecznej w Pruszkowie,,Powiat pruszkowski,"Żbikowska 40,
									05-800
									Pruszków",dla osób dorosłych niepełnosprawnych intelektualnie oraz dzieci i młodzieży niepełnosprawnych intelektualnie (Publiczny),93,318/KR - 2021,71
Dom Pomocy Społecznej Rehabilitacyjno-Opiekuńczy Katolickiego Stowarzyszenia Niepełnosprawnych Archidiecezji Warszawskiej,,Powiat grodziski,"Piasta 5,
									05-822
									Milanówek",dla dorosłych niepełnosprawnych intelektualnie (Publiczny),58,321/KR - 2021,72
Dom Pomocy Społecznej Fundacji Pomocna Dłoń w Warszawie,,Warszawa,"Odrębna 10,
									04-867
									Warszawa",dla dorosłych niepełnosprawnych intelektualnie (Publiczny),30,326/KR - 2021,72
Dom Pomocy Społecznej – Hostel im. Jana Pawła II w Otwocku,,Powiat otwocki,"Stanisława Moniuszki 41,
									05-400
									Otwock",dla dorosłych niepełnosprawnych intelektualnie (Publiczny),21,328/KR - 2021,72
Dom Pomocy Społecznej w Ołdakach,,Powiat pułtuski,"Ołdaki 7,
									06-126
									Gzy",dla dorosłych niepełnosprawnych intelektualnie oraz osób przewlekle psychicznie chorych (Publiczny),118,330/KR - 2021,73
Dom Pomocy Społecznej w Czubinie,,Powiat pruszkowski,"Czubin 13,
									05-840
									Brwinów",dla dorosłych niepełnosprawnych intelektualnie (Publiczny),104,331/KR - 2021,73
Dom Pomocy Społecznej Jedlina w Mieni,,Powiat miński,"Leśniczówka Mienia 300,
									05-319
									Cegłów",dla dorosłych niepełnosprawnych intelektualnie (Publiczny),105,333/KR - 2021,73
Dom Pomocy Społecznej dla Dorosłych Niepełnosprawnych Intelektualnie w Lipsku,,Powiat lipski,"1 Maja 79,
									27-300
									Lipsko",dla dorosłych niepełnosprawnych intelektualnie (Publiczny),105,334/KR - 2021,73
Dom Pomocy Społecznej Łopienno,,Powiat gnieźnieński,"Łopienno 119,
									62-213
									Mieleszyn",dla dzieci i młodzieży niepełnosprawnych intelektualnie (Publiczny),50,371/KR - 2021,77
Dom Pomocy Społecznej Mielżyn,,Powiat gnieźnieński,"Szkolna 15 Mielżyn,
									62-230
									Witkowo",- dla osób dorosłych niepełnosprawnych intelektualnie (26 miejsc) -dla dzieci i młodzieży niepełnosprawnych intelektualnie (60 miejsc) (Publiczny),86,375/KR - 2021,77
Dom Pomocy Społecznej Nowa Wieś,,Powiat szamotulski,"Szamotulska 9, Nowa Wieś,
									64-510
									Wronki",dla dorosłych niepełnosprawnych intelektualnie (Publiczny),80,376/KR - 2021,77
Dom Pomocy Społecznej Chojno,,Powiat szamotulski,"Chojno 41a,
									64-510
									Wronki",dla dorosłych niepełnosprawnych intelektualnie (Publiczny),65,377/KR - 2021,77
Dom Pomocy Społecznej im. Marii Kaczyńskiej Kotlin,,Powiat jarociński,"Parkowa 5,
									63-220
									Kotlin",dla dorosłych niepełnosprawnych intelektualnie (Publiczny),123,378/KR - 2021,77
Dom Pomocy Społecznej Piłka – Zamyślin,,Powiat międzychodzki,"Zamyślin,
									64-400
									Międzychód",- 100 miejsc dla dorosłych niepełnosprawnych intelektualnie Oddział Piłka - 40 miejsc dla osób w podeszłym wieku Oddział Zamyślin (Publiczny),140,380/KR - 2021,78
Dom Pomocy Społecznej Rzadkowo,,Powiat pilski,"Rzadkowo 79,
									64-810
									Kaczory",dla dzieci i młodzieży niepełnosprawnych intelektualnie (Publiczny),66,385/KR - 2021,78
Dom Pomocy Społecznej Kobyla Góra,,Powiat ostrzeszowski,"Tomasza Sikorskiego 1,
									63-507
									Kobyla Góra",dla dorosłych niepełnosprawnych intelektualnie (Publiczny),156,388/KR - 2021,78
Dom Pomocy Społecznej Falmierowo,,Powiat pilski,"Falmierowo 1,
									89-311
									Wyrzysk",dla dorosłych niepełnosprawnych intelektualnie (Publiczny),80,390/KR - 2021,79
Dom Pomocy Społecznej Dębno,,Powiat pilski,"Dębno 27,
									89-310
									Łobżenica",dla dorosłych niepełnosprawnych intelektualnie (Publiczny),120,395/KR - 2021,79
Dom Pomocy Społecznej Ślesin,,Powiat koniński,"Kościelna 46,
									62-561
									Ślesin",dla dorosłych niepełnosprawnych intelektualnie (Publiczny),100,396/KR - 2021,79
Dom Pomocy Społecznej Chlebno,,Powiat pilski,"Chlebno 8,
									89-310
									Łobżenica",dla dorosłych niepełnosprawnych intelektualnie (Publiczny),80,398/KR - 2021,80
Dom Pomocy Społecznej Zimnowoda,,Powiat gostyński,"Zimnowoda 17,
									63-810
									Borek Wielkopolski",dla dorosłych niepełnosprawnych intelektualnie (Publiczny),67,404/KR - 2021,80
Dom Pomocy Społecznej Strzałkowo,,Powiat słupecki,"Pułaskiego 1,
									62-420
									Strzałkowo",dla dorosłych niepełnosprawnych intelektualnie (Publiczny),130,405/KR - 2021,80
Dom Pomocy Społecznej Broniszewice,,Powiat pleszewski,"Broniszewice 91,
									63-304
									Czermin",dla dzieci i młodzieży niepełnosprawnych intelektualnie (Publiczny),56,406/KR - 2021,80
Dom Pomocy Społecznej Poznań,,Poznań,"Świętego Rocha 13,
									61-142
									Poznań",dla dzieci i młodzieży niepełnosprawnych intelektualnie (Publiczny),60,413/KR - 2021,81
Dom Pomocy Społecznej Wielka Wieś,,Powiat wolsztyński,"Wielka Wieś 47,
									64-225
									Kopanica",- dla dzieci i młodzieży niepełnosprawnych intelektualnie (53 miejsca) - dla osób dorosłych niepełnosprawnych intelektualnie (7 miejsc) (Publiczny),60,418/KR - 2021,82
Zespół Domów Pomocy Społecznej Wieleń,,Powiat czarnkowsko-trzcianecki,"Stanisława Staszica 2,
									64-730
									Wieleń",- dla osób w podeszłym wieku (74 miejsca) - dla osób przewlekle somatycznie chorych (100 miejsc) - dla dorosłych niepełnosprawnych intelektualnie (80 miejsc) - dla osób niepełnosprawnych fizycznie (100 miejsc) (Publiczny),354,419/KR - 2021,82
Dom Pomocy Społecznej Zduny,,Powiat krotoszyński,"Mickiewicza 21,
									63-760
									Zduny",dla dzieci i młodzieży niepełnosprawnych intelektualnie (Publiczny),70,428/KR - 2021,83
Dom Pomocy Społecznej Chwałkowo,,Powiat gostyński,"Chwałkowo 74,
									63-840
									Krobia",dla dorosłych niepełnosprawnych intelektualnie (Publiczny),96,430/KR - 2021,83
Dom Pomocy Społecznej Gębice,,Powiat czarnkowsko-trzcianecki,"Kasztanowa 45,
									64-707
									Gębice",dla dorosłych niepełnosprawnych intelektualnie (Publiczny),63,433/KR - 2021,83
Dom Pomocy Społecznej Śledziejowice,,Powiat wielicki,"Śledziejowice 83,
									32-020
									Wieliczka",dla dorosłych niepełnosprawnych intelektualnie (Publiczny),12,435/KR - 2021,83
"Dom Pomocy Społecznej dla Dzieci, Młodzieży i Dorosłych Niepełnosprawnych Intelektualnie Tarnów",,Tarnów,"Robotnicza 4 ,
									33-100 
									Tarnów",dla dzieci i młodzieży niepełnosprawnych intelektualnie 56 miejsc dla osób dorosłych niepełnosprawnych intelektualnie - 24 miejsca (Publiczny),80,438/KR - 2021,84
Dom Pomocy Społecznej dla Dzieci  i Młodzieży Niepełnosprawnych Intelektualnie  w Białce Tatrzańskiej,,Powiat tatrzański,"Środkowa 186 ,
									34-405 
									Białka Tatrzańska",dla dzieci i młodzieży niepełnosprawnych intelektualnie (Publiczny),83,440/KR - 2021,84
Dom Pomocy Społecznej Bobrek,,Powiat oświęcimski,"Księżnej Ogińskiej 2,
									32-661
									Bobrek",dla dorosłych niepełnosprawnych intelektualnie (Publiczny),190,441/KR - 2021,84
Dom Pomocy Społecznej Caritas Archidiecezji Krakowskiej,,Powiat oświęcimski,"Jana Pawła II 3,
									32-640
									Zator",dla dorosłych niepełnosprawnych intelektualnie (Publiczny),52,443/KR - 2021,84
Dom Pomocy Społecznej dla Dzieci i Młodzieży w Jordanowie,,Powiat suski,"Rynek 45,
									34-240
									Jordanów",dla dzieci i młodzieży niepełnosprawnych intelektualnie (Publiczny),50,445/KR - 2021,85
Dom Pomocy Społecznej przy PSONI – Koło w Tarnowie,,Tarnów,"Heleny Modrzejewskiej 48,
									33-100
									Tarnów",dla dorosłych niepełnosprawnych intelektualnie (Publiczny),17,450/KR - 2021,85
Dom Pomocy Społecznej Karwodrza,,Powiat tarnowski,"Karwodrza 116,
									33-170
									Tuchów",dla dorosłych niepełnosprawnych intelektualnie (Publiczny),80,451/KR - 2021,85
Dom Pomocy Społecznej Jadowniki Mokre,,Powiat tarnowski,"Jadowniki Mokre 340,
									33-271
									Jadowniki Mokre",dla dzieci i młodzieży niepełnosprawnych intelektualnie (Publiczny),16,457/KR - 2021,86
"Dom Pomocy Społecznej prowadzony przez Zgromadzenie Sióstr Najświętszej Rodziny z Nazaretu, Prowincja Krakowska",,Powiat wadowicki,"Lwowska 31,
									34-100
									Wadowice",dla dzieci i młodzieży niepełnosprawnych intelektualnie - 60 miejsc dla osób dorosłych niepełnosprawnych - 10 miejsc (Publiczny),70,462/KR - 2021,86
Dom Pomocy Społecznej im. św. Brata Alberta,,Powiat wadowicki,"Dworska 150,
									34-144
									Izdebnik",dla dorosłych niepełnosprawnych intelektualnie (Publiczny),78,463/KR - 2021,87
Małopolski Dom Pomocy Społecznej Na Farmie Życia w Więckowicach,,Powiat krakowski,"Ogrodowa 17A,
									32-082
									Bolechowice",dla osób dorosłych niepełnosprawnych intelektualnie (Publiczny),13,468/KR - 2021,87
Dom Pomocy Społecznej w Mianocicach,,Powiat miechowski,"Mianocice 51,
									32-210
									Książ Wielki",dla dorosłych niepełnosprawnych intelektualnie (Publiczny),90,474/KR - 2021,88
Dom Pomocy Społecznej Miechów,,Powiat miechowski,"Warszawska 49A,
									32-200
									Miechów",dla dorosłych niepełnosprawnych intelektualnie (Publiczny),90,475/KR - 2021,88
Dom Pomocy Społecznej im. Tadeusza Piekarza Harbutowice,,Powiat myślenicki,"Harbutowice 1,
									32-440
									Sułkowice",dla dorosłych niepełnosprawnych intelektualnie (Publiczny),75,479/KR - 2021,88
Dom Pomocy Społecznej –Schronisko dla Niepełnosprawnych im. Brata Alberta,,Powiat krakowski,"Radwanowice 1 ,
									32-064
									Rudawa",dla dorosłych niepełnosprawnych intelektualnie (Publiczny),83,493/KR - 2021,90
Dom Pomocy Społecznej Nowa Huta,,Kraków,"Osiedle Hutnicze 5,
									31-917
									Kraków",dla osób przewlekle psychicznie chorych - 55 miejsc dla osób przewlekle somatycznie chorych - 45 miejsc  dla dorosłych niepełnosprawnych intelektualnie - 40 miejsc (Publiczny),140,503/KR - 2021,91
Dom Pomocy Społecznej Kraków,,Kraków,"Babińskiego 25,
									30-393
									Kraków",dla dorosłych niepełnosprawnych intelektualnie (Publiczny),87,504/KR - 2021,91
Dom Pomocy Społecznej Kraków,,Kraków,"Łanowa 43,
									30-725
									Kraków",dla osób dorosłych niepełnosprawnych intelektualnie - 150 miejsc dla dzieci i młodzieży niepełnosprawnych intelektualnie - 15 miejsc (Publiczny),165,505/KR - 2021,91
Dom Pomocy Społecznej im. św. Brata Alberta Ojców,,Kraków,"Ojców Nr 64,
									32-045
									Sułoszowa",dla dorosłych niepełnosprawnych intelektualnie (Publiczny),81,516/KR - 2021,92
Dom Pomocy Społecznej w Prusach,,Powiat krakowski,"Kocmyrzowska 107,
									32-010
									Kocmyrzów",dla osób dorosłych niepełnosprawnych intelektualnie - 41 miejsc dla dzieci i młodzieży niepełnosprawnych intelektualnie - 15 miejsc (Publiczny),56,518/KR - 2021,93
Dom Pomocy Społecznej w Brzesku,,Powiat brzeski,"Starowiejska 6,
									32-800
									Brzesko",dla dzieci i młodzieży niepełnosprawnych intelektualnie (Publiczny),50,521/KR - 2021,93
Dom Pomocy Społecznej Węgorzewo,,Powiat węgorzewski,"11 Listopada 12,
									11-600
									Węgorzewo",dla osób dorosłych niepełnosprawnych intelektualnie (Publiczny),272,529/KR - 2021,94
Dom Pomocy Społecznej Lubawa,,Powiat iławski,"Grunwaldzka 16,
									14-260
									Lubawa Dąbrowskiego 15B,
									14-200
									Iława",dla dorosłych niepełnosprawnych intelektualnie dla osób przewlekle somatycznie chorych (Publiczny),37,532/KR - 2021,94
Dom Pomocy Społecznej Susz,,Powiat iławski,"Iławska 42,
									14-240
									Susz",dla dorosłych niepełnosprawnych intelektualnie oraz dzieci i młodzieży niepełnosprawnych intelektualnie (Publiczny),90,533/KR - 2021,94
Dom Pomocy Społecznej Mrągowo,,Powiat mrągowski,"Młodkowskiego 19,
									11-700
									Mrągowo",dla dzieci i młodzieży niepełnosprawnych intelektualnie (Publiczny),95,535/KR - 2021,94
Dom Pomocy Społecznej Dom Rodzinny Napiwoda,,Powiat nidzicki,"Napiwoda 58A,
									13-100
									Nidzica",dla dorosłych niepełnosprawnych intelektualnie (Publiczny),30,538/KR - 2021,95
Dom Rodzinny Dom Pomocy Społecznej Zielone Wzgórze Olsztyn,,Olsztyn,"Traktorowa 35,
									10-828
									Olsztyn",dla dorosłych niepełnosprawnych intelektualnie (Publiczny),20,543/KR - 2021,95
Dom Pomocy Społecznej Grazymy,,Powiat olsztyński,"Grazymy 1,
									11-036
									Gietrzwałd",dla dorosłych mężczyzn niepełnosprawnych intelektualnie (Publiczny),94,550/KR - 2021,96
Dom Pomocy Społecznej Jeziorany,,Powiat olsztyński,"Kajki 49,
									11-320
									Jeziorany",dla osób dorosłych niepełnosprawnych intelektualnie oraz dzieci i młodzieży niepełnosprawnej intelektualnie (Publiczny),145,551/KR - 2021,96
Dom Pomocy Społecznej Gnojno,,Powiat buski,"Gnojno 118,
									28-114
									Gnojno",dla osób dorosłych niepełnosprawnych intelektualnie oraz dzieci i młodzieży niepełnosprawnych intelektualnie (Publiczny),100,613/KR - 2021,96
Dom Pomocy Społecznej Bisztynek,,Powiat bartoszycki,"9 Maja 7,
									11-230
									Bisztynek",dla dorosłych niepełnosprawnych intelektualnie (kobiety) (Publiczny),80,561/KR - 2021,97
Dom Pomocy Społecznej Elbląg,,Elbląg,"Bema 8,
									82-300
									Elbląg",dla dzieci i młodzieży niepełnosprawnych intelektualnie (Publiczny),47,569/KR - 2021,98
Dom Pomocy Społecznej Elbląg,,Elbląg,"Kasprzaka 10,
									82-300
									Elbląg",dla dzieci i młodzieży niepełnosprawnych intelektualnie (Publiczny),45,570/KR - 2021,98
Dom Pomocy Społecznej Elbląg,,Elbląg,"Generała Kazimierza Pułaskiego 1C,
									82-300
									Elbląg",dla dorosłych niepełnosprawnych intelektualnie (Publiczny),22,571/KR - 2021,98
Dom Pomocy Społecznej Tęczowy Dom Ełk,,Powiat ełcki,"Kilińskiego 2,
									19-300
									Ełk",dla dzieci i młodzieży niepełnosprawnych intelektualnie (Publiczny),110,576/KR - 2021,98
Dom Pomocy Społecznej Ruda Pilczycka,,Powiat konecki,"Ruda Pilczycka 57,
									26-234
									Słupia",osób dorosłych niepełnosprawnych intelektualnie (Publiczny),120,606/KR - 2021,101
Dom Pomocy Społecznej w Zborowie Solec Zdrój,,Powiat buski,"Pałacowa 4,
									28-131
									Solec-Zdrój",dla osób dorosłych niepełnosprawnych intelektualnie oraz dzieci i młodzieży niepełnosprawnych intelektualnie (Publiczny),65,614/KR - 2021,101
Dom Pomocy Społecznej Chmielnik,,Powiat kielecki,"Łagiewniki 73,
									28-110
									Chmielnik",dla osób dorosłych niepełnosprawnych intelektualnie oraz (Publiczny),185,616/KR - 2021,102
Dom Pomocy Społecznej Zgórsko,,Powiat kielecki,"Zagórsko, Szewska 28,
									26-052
									Nowiny",dla  osób dorosłych niepełnosprawnych intelektualnie oraz (Publiczny),130,617/KR - 2021,102
Dom Pomocy Społecznej Bejsce,,Powiat kazimierski,"Bejsce 230,
									28-512
									Bejsce",dla osób dorosłych niepełnosprawnych intelektualnie oraz osób przewlekle somatycznie chorych (Publiczny),75,637/KR - 2021,104
Dom Pomocy Społecznej Mnichów,,Powiat jędrzejowski,"Mnichów 135,
									28-300
									Jędrzejów",dla osób dorosłych niepełnosprawnych intelektualnie oraz dzieci i młodzieży niepełnosprawnych intelektualnie (Publiczny),124,639/KR - 2021,104
Dom Pomocy Społecznej Sobów,,Powiat opatowski,"Sobów 117,
									27-530
									Ożarów Suchodółka 23,
									27-530
									Ożarów",dla osób dorosłych niepełnosprawnych intelektualnie oraz dla osób przewlekle chorych (Publiczny),136,640/KR - 2021,104
Dom Pomocy Społecznej prowadzony przez Zgromadzenie Sióstr Miłosierdzia Św. Wincentego à Paulo,,Powiat wejherowski,"św. Jacka 14,
									84-200
									Wejherowo","32 dla dzieci i młodzieży niepełnosprawnych intelektualnie, 83 dla osób przewlekle somatycznie chorych (Publiczny)",115,668/KR - 2021,107
Dom Pomocy Społecznej Leśny w Zaskoczynie,,Powiat gdański,"Zaskoczyn 11,
									83-041 
									Mierzeszyn","58 dla dorosłych niepełnosprawnych intelektualnie, 42 dla osób przewlekle somatycznie chorych (Publiczny)",100,669/KR - 2021,107
Dom Pomocy Społecznej w Rudnie,,Powiat tczewski,"Lipowa 1,
									83-121
									Rudno","8 dla dzieci i młodzieży niepełnosprawnych intelektualnie, 69 dla dorosłych niepełnosprawnych intelektualnie (Publiczny)",77,675/KR - 2021,107
Dom Pomocy Społecznej w Wielkich Wyrębach,,Powiat starogardzki,"Wielki Wyręby 23,
									83-230
									Smętowo Graniczne","24 dla dzieci i młodzieży niepełnosprawnych intelektualnie, 54 dla dorosłych niepełnosprawnych intelektualnie (Publiczny)",78,676/KR - 2021,107
Dom Pomocy Społecznej Słoneczne Wzgórze,,Powiat kwidzyński,"Słoneczna 14,
									82-420
									Ryjewo","120 dla osób przewlekle psychicznie chorych, 60 dla dorosłych niepełnosprawnych intelektualnie (Publiczny)",180,679/KR - 2021,108
Dom Pomocy Społecznej w Stanisławiu,,Powiat tczewski,"Stanisławie 31,
									83-112
									Lubiszewo",dla dorosłych niepełnosprawnych intelektualnie (Publiczny),80,680/KR - 2021,108
Dom Pomocy Społecznej Puck,,Powiat pucki,"Aleksandra Majkowskiego 3,
									84-100
									Puck","94 dla osób przewlekle somatycznie chorych, 20 dla dorosłych niepełnosprawnych intelektualnie (Publiczny)",114,685/KR - 2021,108
Dom Pomocy Społecznej Starogard Gdański,,Powiat starogardzki,"Aleja Wojska Polskiego 12B,
									83-200
									Starogard Gdański",dla dorosłych niepełnosprawnych intelektualnie (Publiczny),55,691/KR - 2021,109
Dom Pomocy Społecznej w Rokocinie,,Powiat starogardzki,"Parkowa 4, Rokocin,
									83-200
									Starogard Gdański",dla dorosłych niepełnosprawnych intelektualnie (Publiczny),86,692/KR - 2021,109
Dom Pomocy Społecznej w Machowinku,,Powiat słupski,"Machowinko 3,
									76-211 
									Objazda","23 dla dzieci i młodzieży niepełnosprawnych intelektualnie, 63 dla dorosłych niepełnosprawnych intelektualnie (Publiczny)",86,696/KR - 2021,110
Dom Pomocy Społecznej prowadzony przez Zgromadzenie Braci Szkół Chrześcijańskich,,Powiat słupski,"Przytocko 39,
									77-230
									Kępice","9 dla dzieci i młodzieży niepełnosprawnych intelektualnie, 93 dla dorosłych niepełnosprawnych intelektualnie (Publiczny)",102,697/KR - 2021,110
Dom Pomocy Społecznej dla Dzieci i Młodzieży Niepełnosprawnych Intelektualnie prowadzony przez Zgromadzenie Sióstr Benedyktynek Samarytanek Krzyża Chrystusowego,,Powiat tczewski,"Bielawki 47,
									83-130
									Pelplin",dla dzieci i młodzieży niepełnosprawnych intelektualnie (Publiczny),114,698/KR - 2021,110
Dom Pomocy Społecznej Parchowo,,Powiat bytowski,"Kasztanowa 2,
									77-124
									Parchowo",dla dzieci i młodzieży niepełnosprawnych intelektualnie (Publiczny),70,702/KR - 2021,110
Dom Pomocy Społecznej Stężyca,,Powiat kartuski,"Damroki 1A,
									83-322
									Stężyca",dla dorosłych niepełnosprawnych intelektualnie (Publiczny),34,703/KR - 2021,110
Dom Pomocy Społecznej w Machowinie,,Powiat słupski,"Machowino 53,
									76-270
									Ustka",dla dorosłych niepełnosprawnych intelektualnie (Publiczny),120,704/KR - 2021,111
Dom Pomocy Społecznej prowadzony przez Siostry Pallotynki,,Gdańsk,"Turystyczna 23,
									80-680
									Gdańsk","5 dla dzieci i młodzieży niepełnosprawnych intelektualnie, 53 dla dorosłych niepełnosprawnych intelektualnie (Publiczny)",58,705/KR - 2021,111
Dom Pomocy Społecznej Orunia,,Gdańsk,"Starogardzka 20,
									80-015
									Gdańsk","30 dla dzieci i młodzieży niepełnosprawnych intelektualnie, 83  dla dorosłych niepełnosprawnych intelektualnie (Publiczny)",113,706/KR - 2021,111
Dom Pomocy Społecznej Białystok,,Białystok,"Baranowicka 203,
									15-530
									Białystok","dla dzieci i młodzieży niepełnosprawnych intelektualnie – 102 miejsca, dla osób dorosłych niepełnosprawnych intelektualnie – 168 miejsc, dla osób przewlekle psychicznie chorych – 36 miejsc w Filii w Bobrowej (Publiczny)",306,815/KR - 2021,118
Dom Pomocy Społecznej Kozarze,,Powiat wysokomazowiecki,"Kozarze 63,
									18-230
									Ciechanowiec",dla osób dorosłych niepełnosprawnych intelektualnie (Publiczny),120,817/KR - 2021,119
Dom Pomocy Społecznej Grajewo,,Powiat grajewski,"Doktora Tadeusza Nowickiego 1,
									19-200
									Grajewo",dla dzieci i młodzieży niepełnosprawnych intelektualnie – chłopcy (Publiczny),39,820/KR - 2021,119
Dom Pomocy Społecznej dla Dzieci i Młodzieży Zgromadzenia Sióstr Franciszkanek Rodziny Maryi,,Powiat augustowski,"3-go Maja 57 ,
									16-300 
									Augustów",dla dzieci i młodzieży niepełnosprawnych intelektualnie - dziewczęta (Publiczny),80,822/KR - 2021,119
Dom Pomocy Społecznej dla Dzieci i Młodzieży Zgromadzenia Sióstr Franciszkanek Rodziny Maryi,,Powiat augustowski,"Studzieniczna 2 ,
									16-301 
									Augustów",dla dzieci i młodzieży niepełnosprawnych intelektualnie - dziewczęta (Publiczny),50,824/KR - 2021,119
Dom Pomocy Społecznej Łomża,,Łomża,"Polowa 39,
									18-400
									Łomża",dla dzieci i młodzieży niepełnosprawnych intelektualnie - dziewczęta (Publiczny),109,830/KR - 2021,120
Dom pomocy społecznej Przemyśl,,Przemyśl,"Świętego Brata Alberta 1,
									37-700
									Przemyśl",-dla osób dorosłych niepełnosprawnych intelektualnie (mężczyzn) (Publiczny),70,852/KR - 2021,122
Dom pomocy społecznej Lubzina,,Powiat ropczycko-sędziszowski,"Lubzina 47,
									39-102
									Lubzina",- dla dzieci i młodzieży niepełnosprawnych intelektualnie 15 miejsc - dla osób dorosłych niepełnosprawnych intelektualnie 77 miejsc (Publiczny),92,859/KR - 2021,123
Dom pomocy społecznej Łąka,,Powiat rzeszowski,"Łąka 260,
									36-004
									Łąka",- dla dzieci i młodzieży niepełnosprawnych intelektualnie 24 miejsca - dla osób dorosłych niepełnosprawnych intelektualnie 61 miejsc (Publiczny),85,863/KR - 2021,123
Dom pomocy społecznej Rzeszów,,Rzeszów,"Powstańców Styczniowych 37,
									35-607
									Rzeszów",-dla osób dorosłych niepełnosprawnych intelektualnie (Publiczny),85,864/KR - 2021,124
Dom pomocy społecznej Lubaczów,,Powiat lubaczowski,"Tadeusza Kościuszki 139,
									37-600
									Lubaczów",- dla dzieci i młodzieży niepełnosprawnych intelektualnie 60 miejsc - dla osób dorosłych niepełnosprawnych intelektualnie 5 miejsc (Publiczny),65,865/KR - 2021,124
Dom pomocy społecznej Moszczany,,Powiat jarosławski,"Moszczany,
									37-543
									Laszki",- dla osób dorosłych niepełnosprawnych intelektualnie (Publiczny),132,866/KR - 2021,124
Dom pomocy społecznej Wielkie Oczy,,Powiat lubaczowski,"Zielona 5,
									37-627
									Wielkie Oczy",- dla dzieci i młodzieży niepełnosprawnych intelektualnie 66 miejsc - dla osób dorosłych niepełnosprawnych intelektualnie 4 miejsca (Publiczny),70,873/KR - 2021,125
Dom pomocy społecznej Iwonicz Zdrój,,Powiat krośnieński,"Floriańska 19,
									38-440
									Iwonicz Zdrój",- dla osób dorosłych niepełnosprawnych intelektualnie (Publiczny),108,874/KR - 2021,125
Dom pomocy społecznej Iwonicz,,Powiat krośnieński,"Długa 1,
									38-440
									Iwonicz",- dla dzieci i młodzieży niepełnosprawnych intelektualnie (Publiczny),80,875/KR - 2021,125
Dom pomocy społecznej Tarnobrzeg,,Tarnobrzeg,"Henryka Sienkiewicza 211,
									39-400
									Tarnobrzeg",- dla dzieci i młodzieży niepełnosprawnych intelektualnie – dla osób dorosłych niepełnosprawnych intelektualnie (Publiczny),72,878/KR - 2021,125
Dom pomocy społecznej Frysztak,,Powiat strzyżowski,"Glinik Dolny 230,
									38-130
									Frysztak",- dla osób dorosłych niepełnosprawnych intelektualnie (Publiczny),70,880/KR - 2021,125
Dom pomocy społecznej Przemyśl,,Przemyśl,"św. Brata Alberta 3,
									37-700
									Przemyśl Generała Józefa Wysockiego 99,
									37-700
									Przemyśl",- dla osób w podeszłym wieku 54 miejsca - dla osób przewlekle somatycznie chorych 8 miejsc - dla osób dorosłych niepełnosprawnych intelektualnie 38 miejsc - dla osób przewlekle psychicznie chorych 141 miejsc (Publiczny),241,884/KR - 2021,126
Dom Pomocy Społecznej w Prószkowie,,Opolski,"Zamkowa 8,
									46-060
									Prószków",dla osób dorosłych niepełnosprawnych intelektualnie – 164 i dla osób przewlekle somatycznie chorych - 59 K i M (Publiczny),223,929/KR - 2021,129
Dom Pomocy Społecznej prowadzony przez Zgromadzenie Sióstr Maryi Niepokalanej,,Powiat nyski,"Aleja Wojska Polskiego 77,
									48-300
									Nysa",dla dzieci i młodzieży niepełnosprawnych intelektualnie – 45 i osób dorosłych niepełnosprawnych intelektualnie - 35 M (Publiczny),80,936/KR - 2021,130
Dom Pomocy Społecznej prowadzony przez Zgromadzenie Sióstr Franciszkanek Misjonarek Maryi,,Powiat głubczycki,"Raciborska 81,
									48-130
									Kietrz",dla dzieci i młodzieży niepełnosprawnych intelektualnie – 25 i dla osób dorosłych niepełnosprawnych intelektualnie – 25 K (Publiczny),50,938/KR - 2021,130
Dom Pomocy Społecznej prowadzony przez Zgromadzenie Sióstr Św. Jadwigi,,Powiat strzelecki,"Plac Klasztorny 2,
									45-920
									Opole",dla dzieci i młodzieży niepełnosprawnych intelektualnie – 40 i dla osób doroslych niepełnosprawnych intelektualnie - 80 K (Publiczny),120,939/KR - 2021,130
Dom Pomocy Społecznej Kędzierzyn-Koźle,,Powiat kędzierzyńsko-kozielski,"Zielna 1,
									47-230
									Kędzierzyn-Koźle",dla osób dorosłych niepełnosprawnych intelektualnie K i M (Publiczny),70,943/KR - 2021,131
Dom Pomocy Społecznej Dla Dzieci i Młodzieży oraz Osób Dorosłych Niepełnosprawnych Intelektualnie prowadzony przez Zgromadzenie Braci Szkół Chrześcijańskich,,Powiat strzelecki,"Czarna 2,
									47-120
									Zawadzkie",dla dzieci i młodzieży niepełnosprawnych intelektualnie – 63 i dla osób dorosłych niepełnosprawnych intelektualnie - 47 M (Publiczny),110,944/KR - 2021,131
"Dom Pomocy Społecznej dla Dzieci, Młodzieży i Dorosłych Zgromadzenia Sióstr Św. Elżbiety",,Powiat kędzierzyńsko-kozielski,"Ignacego Łukasiewicza 9,
									47-200
									Kędzierzyn-Koźle","dla dzieci, młodzieży niepełnosprawnych intelektualnie - 37 i dla osób dorosłych niepełnosprawnych intelektualnie - 16M (Publiczny)",53,947/KR - 2021,131
Dom Pomocy Społecznej w Radawiu,,Powiat oleski,"Żwirowa 1, Radawie,
									46-048
									Zębowice",dla osób dorosłych niepełnosprawnych intelektualnie M (Publiczny),70,949/KR - 2021,131
Dom Pomocy Społecznej Gierałcice,,Powiat kluczborski,"Opolska 28, Gierałcice,
									46-250
									Wołczyn",dla osób dorosłych niepełnosprawnych intelektualnie M (Publiczny),70,950/KR - 2021,132
Dom Pomocy Społecznej Jędrzejów,,Powiat brzeski,"Jędrzejów 16,
									49-200
									Grodków",dla dorosłych niepełnosprawnych intelektualnie M (Publiczny),95,952/KR - 2021,132
Dom Pomocy Społecznej prowadzony przez Zgromadzenie Sióstr Franciszkanek Misjonarek Maryi,,Powiat strzelecki,"Zamkowa 5,
									47-175
									Kadłub","dla dzieci, młodzieży niepełnosprawnych intelektualnie - 60 i dla osób dorosłych niepełnosprawnych intelektualnie - 50 M (Publiczny)",110,954/KR - 2021,132
Dom Pomocy Społecznej w Rokitnie,,Powiat międzyrzecki,"Rokitno 58,
									66-341
									Przytoczna",dla osób dorosłych (mężczyzn) niepełnospraw nych intelektualnie (Publiczny),100,965/KR - 2021,133
Dom Pomocy Społecznej w Toporowie,,Powiat świebodziński,"Lipowa 17,
									66-233 
									Toporów",Dla dzieci i młodzieży niepełnospraw nych intelektualnie - 26 miejsc oraz dla osób dorosłych niepełnosprawnych intelektualnie - 51 miejsc (Publiczny),77,975/KR - 2021,134
Dom Pomocy Społecznej w Międzyrzeczu,,Powiat międzyrzecki,"T. Podbielskiego 2,
									66-300
									Międzyrzecz",Dla osób dorosłych niepełnospraw nych intelektualnie (Publiczny),40,979/KR - 2021,134
Dom Pomocy Społecznej we Wschowie,,Powiat wschowski,"Plac św. Jana 1,
									67-400
									Wschowa",Dla dzieci i młodzieży niepełnospraw nych intelektualnie (Publiczny),60,980/KR - 2021,134
Dom Pomocy Społecznej w Rokitnie,,Powiat międzyrzecki,"Rokitno 38,
									66-341
									Przytoczna",Dla dzieci i młodzieży niepełnosprawnych intelektualnie - 20 miejsc oraz dla osób dorosłych niepełnosprawnych intelektualnie - 79 miejsc (Publiczny),99,982/KR - 2021,135
Dom Pomocy Społecznej w Szarczu,,Powiat międzyrzecki,"Szarcz 30,
									66-330
									Pszczew",Dla dzieci i młodzieży niepełnospraw nych intelektualnie (płci żeńskiej) (Publiczny),52,983/KR - 2021,135
Dom Pomocy Społecznej w Skwierzynie,,Powiat międzyrzecki,"Przemysłowa 42,
									66-440
									Skwierzyna",Dla osób dorosłych i młodzieży niepełnospraw nych intelektualnie (Publiczny),45,985/KR - 2021,135
Dom Pomocy Społecznej im. hr. Eligiusza Suchodolskiego w Gościeradowie,,Powiat kraśnicki,"Folwark 20 ,
									23-275
									Gościeradów","Dla osób dorosłych niepełnosprawnej intelektualnie (50 miejsc), dzieci i młodzieży niepełnosprawnej intelektualnie (15 miejsc) (Publiczny)",65,1009/KR - 2021,137
Dom Pomocy Społecznej w Teodorówce,,Powiat biłgorajski,"Teodorówka 1 ,
									23-400 
									Biłgoraj Filia ""Dom Rodzinny"": ul. Zielona 95,
									23-400 
									Biłgoraj Filia: Osada 5, Długi Kąt,
									23-460
									Józefów","dla osób dorosłych niepełnosprawnych intelektualnie, dla dzieci i młodzieży niepełnosprawnych intelektualnie, dla osób przewlekle psychicznie chorych dla osób dorosłych niepełnosprawnych intelektualnie dla osób przewlekle psychicznie chorych (Publiczny)",195,1011/KR - 2021,137
Dom Pomocy Społecznej w Kiełczewicach,,Powiat lubelski,"Kiełczewice Maryjskie 86,
									23-107
									Strzyżewice","Dla dziewcząt i kobiet: dla dzieci i młodzieży niepełnosprawnych intelektualnie (10 miejsc), dla osób dorosłych niepełnosprawnych intelektualnie (55 miejsc) (Publiczny)",65,1019/KR - 2021,138
Dom Pomocy Społecznej im. św. Jana Pawła II w Krasnymstawie,,Powiat krasnostawski,"Kwiatowa 1,
									22-300
									Krasnystaw Filia: Dom w Ostrowie Krupskim, Filia: Dom w Stężycy Nadwieprzańskiej, Filia: Dom w Bzowcu,","dla dzieci i młodzieży niepełnosprawnych intelektualnie, dla osób dorosłych niepełnosprawnych intelektualnie dla osób przewlekle somatycznie chorych dla osób przewlekle somatycznie chorych dla osób przewlekle psychicznie chorych (Publiczny)",295,1024/KR - 2021,139
Dom Pomocy Społecznej w Matczynie,,Powiat lubelski,"Matczyn 4,
									24-200
									Bełżyce",dom koedukacyjny: dla dzieci i młodzieży niepełnosprawnych intelektualnie (25 miejsc) oraz dla osób dorosłych niepełnosprawnych intelektualnie (165 miejsc) (Publiczny),190,1025/KR - 2021,139
Dom Pomocy Społecznej Pod Modrzewiami w Szczebrzeszynie,,Powiat zamojski,"Błonie 117,
									22-460
									Szczebrzeszyn",dla osób dorosłych niepełnosprawnych intelektualnie (dla kobiet) (Publiczny),70,1028/KR - 2021,139
BARKA Dom Pomocy Społecznej im. Jana Pawła II w Janowie Lubelskim,,Powiat janowski,"Wiejska 12,
									23-300
									Janów Lubelski","dla osób w podeszłym wieku, dla osób przewlekle somatycznie chorych, dla osób dorosłych niepełnosprawnych intelektualnie, dla osób przewlekle psychicznie chorych (Publiczny)",180,1031/KR - 2021,139
Dom Pomocy Społecznej w Ryżkach,,Powiat łukowski,"Ryżki 75,
									21-400
									Łuków",dla osób dorosłych niepełnosprawnych intelektualnie (85 miejsc) oraz dla osób przewlekle psychicznie chorych (25 miejsc) (Publiczny),110,1032/KR - 2021,140
Dom Pomocy Społecznej w Łukowie,,Powiat łukowski,"Władysława Broniewskiego 34,
									21-400
									Łuków",dla dzieci i młodzieży niepełnosprawnych intelektualnie (dla chłopców) (Publiczny),31,1033/KR - 2021,140
Dom Pomocy Społecznej w Kozuli,,"Powiat biała podlaska, bialski","Kozula 1,
									21-500
									Biała Podlaska","dla osób w podeszłym wieku (70 miejsc) oraz dla osób przewlekle somatycznie chorych (80 miejsc), dorosłych niepełnosprawnych intelektualnie (20 miejsc), dla dzieci i młodzieży niepełnosprawnych intelektualnie (20 miejsc) oraz dla osób przewlekle psychicznie chorych (30 miejsc) (Publiczny)",220,1034/KR - 2021,140
Dom Pomocy Społecznej w Ostrowie Lubelskim,,Powiat lubartowski,"Unicka 7,
									21-110
									Ostrów Lubelski",dla osób dorosłych niepełnosprawnych intelektualnie (Publiczny),100,1036/KR - 2021,140
Domu Pomocy Społecznej w Tomaszowie Lubelskim,,Powiat tomaszowski,"Mickiewicza 1,
									22-600
									Tomaszów Lubelski",dla dzieci i młodzieży niepełnosprawnych intelektualnie oraz dorosłych niepełnosprawnych intelektualnie (Publiczny),30,1037/KR - 2021,140
Dom Pomocy Społecznej w Nowinach,,Powiat chełmski,"Nowiny 101,
									22-105
									Okszów","dla osób w podeszłym wieku (64 miejsca), dla osób dorosłych niepełnosprawnych intelektualnie (115 miejsc), osób przewlekle somatycznie chorych (32 miejsca) (Publiczny)",211,1040/KR - 2021,140
Dom Pomocy Społecznej w Kaniem,,Powiat chełmski,"Kanie 129b,
									22-171
									Kanie",dla osób dorosłych niepełnosprawnych intelektualnie (Publiczny),48,1042/KR - 2021,141
Dom Pomocy Społecznej w Zamościu,,Zamość,"Żdanowska 3,
									22-400
									Zamość",dla dzieci i młodzieży niepełnosprawnych intelektualnie (2 miejsca) oraz osób dorosłych niepełnosprawnych intelektualnie (50 miejsc) (Publiczny),52,1045/KR - 2021,141
Dom Pomocy Społecznej w Wygnanowicach,,Powiat świdnicki,"Wygnanowice 40A,
									21-065
									Rybczewice Drugie",dla osób dorosłych niepełnosprawnych intelektualnie (dla kobiet) (Publiczny),55,1047/KR - 2021,141
Dom Pomocy Społecznej im. Roba Inja w Świdniku,,Powiat świdnicki,"Piasecka 240,
									21-040
									Świdnik",dla osób dorosłych niepełnosprawnych intelektualnie (dla mężczyzn) (Publiczny),140,1048/KR - 2021,141
Dom Pomocy Społecznej im. Matki Teresy z Kalkuty w Lublinie,,Lublin,"Bartosza Głowackiego 26,
									20-060
									Lublin Filia Nr 1: ul. Miernicza 10,
									20-805
									Lublin",dla osób przewlekle somatycznie chorych dla osób niepełnosprawnych intelektualnie (Publiczny),117,1049/KR - 2021,141
Dom Pomocy Społecznej w Sieradzu,,Powiat sieradzki,"Armii Krajowej 34,
									98-200
									Sieradz Filia: ul. Wspólna 74, Witów,
									98-260
									Burzenin Filia: Rożdżały 7,
									98-290
									Warta",dla osób w podeszłym wieku i osób przewlekle somatycznie chorych dla osób przewlekle psychicznie chorych dla dorosłych niepełnosprawnych intelektualnie z oddziałem dla dzieci i młodzieży niepełnosprawnych intelektualnie (Publiczny),378,1127/KR - 2021,146
Dom Pomocy Społecznej Zgromadzenia Sióstr Urszulanek SJK w Sieradzu,,Powiat sieradzki,"Dominikańska 16,
									98-200
									Sieradz",dla osób dorosłych niepełnosprawnych intelektualnie oraz dzieci i młodzieży niepełnosprawnych intelektualnie (Publiczny),35,1129/KR - 2021,147
Dom Pomocy Społecznej w Przatówku,,Powiat zduńskowolski,"Przatówek 1,
									98-240
									Szadek",dla osób dorosłych niepełnosprawnych intelektualnie (Publiczny),100,1136/KR - 2021,147
Dom Pomocy Społecznej w Rąbieniu,,Powiat zgierski,"Rąbień AB 59,
									95-070
									Aleksandrów Łódzki",dla dorosłych niepełnosprawnych intelektualnie (Publiczny),130,1137/KR - 2021,147
Dom pomocy społecznej dla dzieci i młodzieży niepełnosprawnej intelektualnie Łódź Sierakowskiego,,Łódź,"Zygmunta Sierakowskiego 65,
									91-324
									Łódź",dla dzieci i młodzieży niepełnosprawnych intelektualnie (Publiczny),49,1159/KR - 2021,149
Dom Pomocy Społecznej w Lisowicach,,Powiat łódzki wschodni,"Lisowice 13,
									95-040
									Koluszki",dla dorosłych niepełnosprawnych intelektualnie kobiet (Publiczny),59,1163/KR - 2021,149
Dom Pomocy Społecznej w Łodzi,,Łódź,"Helenówek 7,
									91-366
									Łódź",dla niepełnosprawnych intelektualnie mężczyzn (Publiczny),19,1168/KR - 2021,150
Dom Pomocy Społecznej w Chorzeszowie,,Łaski,"Chorzeszów 37,
									98-105
									Wodzierady",dla niepełnosprawnych intelektualnie mężczyzn (Publiczny),14,1169/KR - 2021,150
Dom Pomocy Społecznej w Kutnie,,Powiat kutnowski,"Oporowska 27,
									99-300
									Kutno",dla osób dorosłych niepełnosprawnych intelektualnie (Publiczny),130,1174/KR - 2021,150
Ośrodek Mieszkalno-Rehabilitacyjny im. Św. Apa. Józefa Bilczewskiego Stowarzyszenia Razem Bestwina,,Powiat bielski,"Generała Sikorskiego 48A,
									43-512
									Bestwina",dorośli niepełnosprawni intelektualnie (Publiczny),22,2405/KR - 2021,161
DPS dla Dorosłych prowadzony przez Zgromadzenie Sióstr Albertynek Częstochowa,,Częstochowa,"Wesoła 42,
									42-200
									Częstochowa",dorośli niepełnosprawni intelektualnie (Publiczny),85,2411/KR - 2021,161
DPS dla Dorosłych prowadzony przez Zgromadzenie Braci Albertynów Częstochowa,,Częstochowa,"Świętej Jadwigi 84/86,
									42-200
									Częstochowa",dorośli niepełnosprawni intelektualnie (Publiczny),82,2412/KR - 2021,162
DPS dla Dorosłych im. św. Brata Alberta Poraj,,Powiat myszkowski,"Jasna 6,
									42-360
									Poraj",dorośli niepełnosprawni intelektualnie (Publiczny),100,2413/KR - 2021,162
DPS prowadzony przez Zgromadzenie Sióstr Miłosierdzia św. Karola Boromeusza Siemianowice Śląskie,,Siemianowice Śląskie,"Maciejkowicka 8,
									41-103
									Siemianowice Śląskie",dorośli niepełnosprawni intelektualnie (Publiczny),44,2414/KR - 2021,162
Caritas Archidiecezji Katowickiej DPS Święty Antoni Świętochłowice,,Świętochłowice,"Biskupa Teodora Kubiny 11,
									41-600
									Świętochłowice",dorośli niepełnosprawni intelektualnie (Publiczny),78,2415/KR - 2021,162
DPS prowadzony przez Ojców Kamilianów Zbrosławice,,Powiat tarnogórski,"Wolności 34,
									42-674
									Zbrosławice",dorośli niepełnosprawni intelektualnie (Publiczny),95,2416/KR - 2021,162
Caritas Archidiecezji Katowickiej Ośrodek M.B Uzdrowienie Chorych Dom Pomocy Społecznej Knurów,,Powiat gliwicki,"Szpitalna 29,
									44-194
									Knurów",dorośli niepełnosprawni intelektualnie (Publiczny),90,2417/KR - 2021,162
Powiatowy Dom Pomocy Społecznej Feniks Skoczów,,Powiat cieszyński,"Sportowa 13,
									43-430
									Skoczów",dorośli niepełnosprawni intelektualnie oraz dzieci i młodzież niepełnosprawna intelektualnie (Publiczny),102,2419/KR - 2021,162
Dom Pomocy Społecznej Ostoja Sośnicowice,,Powiat gliwicki,"Kozielska 1,
									44-153
									Sośnicowice",dorośli niepełnosprawni intelektualnie oraz dzieci i młodzież niepełnosprawna intelektualnie (Publiczny),124,2420/KR - 2021,162
Dom Pomocy Społecznej Zameczek Lubliniec,,Powiat lubliniecki,"74 Górnośląskiego Pułku Piechoty 2,
									42-700
									Lubliniec",dorośli niepełnosprawni intelektualnie oraz dzieci i młodzież niepełnosprawna intelektualnie (Publiczny),73,2421/KR - 2021,162
Dom Pomocy Społecznej Zgromadzenia Córek Bożej Miłości Bielsko-Biała,,Bielsko-Biała,"Żywiecka 20,
									43-300
									Bielsko-Biała",dorośli niepełnosprawni intelektualnie oraz dzieci i młodzież niepełnosprawna intelektualnie (Publiczny),65,2422/KR - 2021,163
DPS Zgromadzenia Sióstr Służebniczek BDNP Skoczów,,Powiat cieszyński,"Mickiewicza 36,
									43-430
									Skoczów",dorośli niepełnosprawni intelektualnie oraz dzieci i młodzież niepełnosprawna intelektualnie (Publiczny),39,2423/KR - 2021,163
DPS dla Dzieci prowadzony przez Zgromadzenie Sióstr Szkolnych de Notre Dame Strumień,,Powiat cieszyński,"1 Maja 12,
									43-246
									Strumień",dzieci i młodzież niepełnosprawna intelektualnie (Publiczny),73,2424/KR - 2021,163
DPS dla dzieci i młodzieży niepełnosprawnych intelektualnie prowadzony przez Zakon Ojców Kamilianów Pilchowice,,Powiat gliwicki,"Damrota 7,
									44-145
									Pilchowice",dzieci i młodzież niepełnosprawna intelektualnie (Publiczny),60,2425/KR - 2021,163
DPS prowadzony przez Zgromadzenie Sióstr św. Jadwigi Pielgrzymowice,,Powiat pszczyński,"Golasowicka 15,
									43-253
									Pielgrzymowice",dzieci i młodzież niepełnosprawna intelektualnie (Publiczny),90,2426/KR - 2021,163
DPS Różany Pałac prowadzony przez Zgromadzenie Sióstr Franciszkanek Maryi Nieustającej Pomocy Krzyżanowice,,Powiat raciborski,"Kolejowa 4,
									47-450
									Krzyżanowice",dorośli niepełnosprawni intelektualnie oraz dzieci i młodzież niepełnosprawna intelektualnie (Publiczny),60,2427/KR - 2021,163
DPS prowadzony przez Zgromadzenie Sióstr Milosiedzia św. Karola Boromeusza Ruda Śląska,,Ruda Śląska,"Józefa Piłsudskiego 43,
									41-707
									Ruda Śląska",dorośli niepełnosprawni intelektualnie oraz dzieci i młodzież niepełnosprawna intelektualnie (Publiczny),48,2428/KR - 2021,163
DPS prowadzony przez Zgromadzenie Sióstr Miłosiedzia św. Karola Boromeusza Nakło Śląskie,,Powiat tarnogórski,"Główna 8,
									42-620
									Nakło Śląskie",dorośli niepełnosprawni intelektualnie oraz dzieci i młodzież niepełnosprawna intelektualnie (Publiczny),60,2429/KR - 2021,163
DPS Zgromadzenia Sióstr Opatrzności Bożej Wodzisław Śląski,,Powiat wodzisławski,"Plac Wolności 35,
									41-300
									Wodzisław Śląski",dorośli niepełnosprawni intelektualnie oraz dzieci i młodzież niepełnosprawna intelektualnie (Publiczny),56,2430/KR - 2021,163
Dom Pomocy Społecznej Najświętsze Serce Jezusa Ruda Śląska,,Ruda Śląska,"Kłodnicka 103,
									41-706
									Ruda Śląska",dorośli niepełnosprawni intelektualnie oraz dzieci i młodzież niepełnosprawna intelektualnie (Publiczny),95,2431/KR - 2021,164
Powiatowy Dom Pomocy Społecznej Pogórze z filią Bursztyn Kończyce Małe,,Powiat cieszyński,"Zamek 132,
									43-430
									Pogórze Staropolska 14,
									43-525
									Kończyce Małe",osoby dorosłe niepełnosprawne intelektualnie osoby przewlekle psychicznie chore (Publiczny),152,2471/KR - 2021,168
Dom Pomocy Społecznej Wędrowiec Bytom,,Bytom,"Księdza Jana Frenzla 204,
									41-908
									Bytom",dorośli niepełnosprawni intelektualnie (Publiczny),40,2472/KR - 2021,168
Dom Pomocy Społecznej Zameczek Kuźnia Nieborowska,,Powiat gliwicki,"Knurowska 13,
									44-144
									Kuźnia Nieborowska",dorośli niepełnosprawni intelektualnie (Publiczny),51,2473/KR - 2021,168
Dom Pomocy Społecznej Orzesze,,Powiat mikołowski,"Traugutta 45,
									43-180
									Orzesze",dorośli niepełnosprawni intelektualnie (Publiczny),90,2474/KR - 2021,168
Dom Pomocy Społecznej Miedary,,Powiat tarnogórski,"Zamkowa 7,
									42-676
									Miedary",dorośli niepełnosprawni intelektualnie (Publiczny),56,2475/KR - 2021,168
Dom Pomocy Społecznej w Izbicy Kujawskiej,,Powiat włocławski,"Narutowicza 65,
									87-865
									Izbica Kujawska",dla dorosłych niepełnosprawnych intelektualnie (Publiczny),60,2563/KR - 2021,172
Dom Pomocy Społecznej Słoneczko w Bydgoszczy,,Bydgoszcz,"Konstantego Ildefonsa Gałczyńskiego 2,
									85-322
									Bydgoszcz",dla dzieci i młodzieży niepełnosprawnej intelektualnie (Publiczny),56,2569/KR - 2021,173
Dom Pomocy Społecznej w Toruniu,,Toruń,"Rydygiera 23,
									87-100
									Toruń",dla dorosłych niepełnosprawnych intelektualnie (Publiczny),35,2577/KR - 2021,174
Dom Pomocy Społecznej w Wilkowiczkach,,Powiat włocławski,"Wilkowiczki 25,
									87-850
									Choceń",dla dorosłych niepełnosprawnych intelektualnie (Publiczny),89,2582/KR - 2021,174
Dom Pomocy Społecznej w Bożenkowie,,Powiat bydgoski,"Bożenkowo,
									86-031
									Osielsko",dla dorosłych niepełnosprawnych intelektualnie (Publiczny),70,2591/KR - 2021,175
Dom Pomocy Społecznej w Koronowie,,Powiat bydgoski,"Paderewskiego 35,
									86-010
									Koronowo",dorosłych niepełnosprawnych intelektualnie (Publiczny),96,2593/KR - 2021,175
Dom Pomocy Społecznej w Kamieniu Krajeńskim,,Powiat sępoleński,"Dworcowa 1,
									89-430
									Kamień Krajeński",dla dzieci i młodzieży niepełnosprawnej intelektualnie (Publiczny),50,2594/KR - 2021,175
Dom Pomocy Społecznej w Chełmnie,,Powiat chełmiński,"Dominikańska 40,
									86-200
									Chełmno Dominikańska 40,
									86-200
									Chełmno","dla osób przewlekle somatycznie chorych  (41 miejsc), dla dzieci i młodzieży niepełnosprawnej intelektualnie (36 miejsc) oraz dorosłych niepełnosprawnych intelektualnie (75 miejsc) dla dzieci i młodzieży niepełnosprawnej intelektualnie oraz dorosłych niepełnosprawnych intelektualnie (Publiczny)",152,2595/KR - 2021,175
Dom Pomocy Społecznej w Mgoszczu,,Powiat chełmiński,"Mgoszcz 54,
									86-230
									Lisewo",dla osób dorosłych niepełnosprawnych intelektualnie (Publiczny),84,2596/KR - 2021,175
Dom Pomocy Społecznej w Golubiu-Dobrzyniu,,Powiat golubsko-dobrzyński,"PTTK 6,
									87-400
									Golub-Dobrzyń",dla dorosłych niepełnosprawnych intelektualnie (Publiczny),12,2597/KR - 2021,175
Dom Pomocy Społecznej w Tarnówku,,Powiat inowrocławski,"Tarnówko 2,
									88-121
									Chełmce",dla dorosłych niepełnosprawnych intelektualnie (Publiczny),80,2598/KR - 2021,175
Dom Pomocy Społecznej w Ludzisku,,Powiat inowrocławski,"Ludzisko 78,
									88-160
									Janikowo",dla dorosłych niepełnosprawnych intelektualnie (Publiczny),100,2600/KR - 2021,176
Dom Pomocy Społecznej w Nowej Wsi,,Powiat lipnowski,"Nowa Wieś 1,
									87-603
									Wielgie",dla dorosłych niepełnosprawnych intelektualnie (Publiczny),143,2602/KR - 2021,176
Dom Pomocy Społecznej w Grabiu,,Powiat aleksandrowski,"Grabie 34,
									87-710
									Służewo",dla dzieci i młodzieży niepełnosprawnej intelektualnie (Publiczny),70,2606/KR - 2021,176
Dom Pomocy Społecznej Jędrek,,Powiat zgorzelecki,"Parkowa 2, Opolno Zdrój,
									59-920
									Bogatynia",dla dorosłych niepełnosprawnych intelektualnie (Publiczny),79,2615/KR - 2021,177
Dom Pomocy Społecznej  Arka,,Wrocław,"Jutrosińska 29,
									51-124
									Wrocław",dla dorosłych niepełnosprawnych intelektualnie (Publiczny),7,2626/KR - 2021,178
Dom Pomocy Społecznej Arka 2,,Wrocław,"Jutrosińska 29,
									51-124
									Wrocław",dla osób dorosłych niepełnosprawnych intelektualnie (Publiczny),6,2627/KR - 2021,178
Dom Opieki Caritas Archidiecezji Wrocławskiej,,Powiat oleśnicki,"Stawowa 23,
									56-410
									Dobroszyce",dla dorosłych niepełnosprawnych intelektualnie (Publiczny),32,2628/KR - 2021,178
Dom Pomocy Społecznej we Wrocławiu,,Wrocław,"Objazdowa 40,
									54-513
									Wrocław",dla osób dorosłych niepełnosprawnych intelektualnie (Publiczny),37,2632/KR - 2021,178
Dom Pomocy Społecznej w Nielestnie,,Powiat lwówecki,"Nielestno 17,
									59-610
									Wleń",dla dorosłych niepełnosprawnych intelektualnie (Publiczny),75,2634/KR - 2021,179
Dom Pomocy Spolecznej w Jaskulinie,,Powiat świdnicki,"Jaskulin 13,
									58-170
									Dobromierz",dla dorosłych niepełnosprawnych intelektualnie (Publiczny),70,2638/KR - 2021,179
Dom Pomocy Społecznej dla Dzieci prowadzony przez Zgromadzenie Sióstr Szkolnych De Notre Dame,,Powiat świdnicki,"Adama Mickiewicza 8,
									58-160
									Świebodzice",dla dzieci i młodzieży niepełnosprawnych intelektualnie (Publiczny),60,2640/KR - 2021,179
Dom Pomocy Społecznej Przyjazny Dom im. Stanisława Jabłonki,,Wrocław,"Generała Leopolda Okulickiego 2,
									51-216
									Wrocław",dla osób niepełnosprawnych intelektualnie (Publiczny),24,2648/KR - 2021,180
Dom Pomocy Społecznej w Opolnicy,,Powiat ząbkowicki,"Opolnica 58,
									57-256
									Bardo",dla dzieci i młodzieży niepełnosprawnych intelektualnie (Publiczny),155,2650/KR - 2021,180
Dom Pomocy Społecznej Magnolia,,Powiat głogowski,"Neptuna 22/24,
									67-200
									Głogów Norwida 3,
									67-200 
									Głogów",dla osób przewlekle somatycznie chorych dla dzieci i młodzieży niepełnosprawnych intelektualnie (Publiczny),148,2656/KR - 2021,181
Dom Pomocy Społecznej w Janowicach Wielkich,,Powiat jeleniogórski,"Chłopska 1,
									58-520
									Janowice Wielkie",dla dorosłych niepełnosprawnych intelektualnie (Publiczny),91,2659/KR - 2021,181
Dom Pomocy Społecznej w Szklarskiej Porębie,,Powiat jeleniogórski,"Caritas 4,
									58-580
									Szklarska Poręba",dla dzieci i młodzieży niepełnosprawnych intelektualnie (Publiczny),63,2662/KR - 2021,181
Dom Pomocy Społecznej w Szarocinie,,Powiat kamiennogórski,"Szarocin 1,
									58-400
									Kamienna Góra",dla osób dorosłych niepełnosprawnych intelektualnie (Publiczny),139,2663/KR - 2021,181
Dom Pomocy Społecznej w Podzamku,,Powiat kłodzki,"Podzamek 28,
									57-312
									Kłodzko",dla dorosłych niepełnosprawnych intelektualnie (Publiczny),100,2664/KR - 2021,181
Dom Pomocy Społecznej dla Dzieci prowadzony przez Siostry Franciszkanki,,Powiat kłodzki,"Wiejska 9,
									57-450
									Ludwikowice Kłodzkie",dla dzieci i młodzieży niepełnosprawnych intelektualnie (Publiczny),100,2669/KR - 2021,182
Dom Pomocy Społecznej  dla Dzieci prowadzony przez Zgromadzenie Sióstr Świętej Teresy od Dzieciatka Jezus,,Powiat kłodzki,"Ścinawka Dolna 21B,
									57-410
									Ścinawka średnia",dla dzieci i młodzieży niepełnosprawnych intelektualnie (Publiczny),50,2670/KR - 2021,182
Dom Pomocy Społecznej w Legnickim Polu,,Powiat legnicki,"Benedyktynów 4,
									59-241
									Legnickie Pole",dla dorosłych niepełnosprawnych intelektualnie (Publiczny),405,2672/KR - 2021,182
Dom Pomocy Społecznej w Miłowicach,,Powiat żarski,"Miłowice 26,
									68-216
									Olbrachtów",dla dzieci i młodzieży niepełnosprawnych intelektualnie (70 miejsc) oraz dla osób dorosłych niepełnosprawnych intelektualnie (10 miejsc) (Publiczny),80,2793/KR - 2021,184
Dom Pomocy Społecznej Niezwykłe miejsce w Wołowie,,Powiat wołowski,"Inwalidów Wojennych 26b,
									56-100
									Wołów",dla osób dorosłych niepełnosprawnych intelektualnie (Publiczny),28,2806/KR - 2021,185
Dom Pomocy Społecznej w Krakowie,,Powiat krakowski,"ul. Ulanów 25,
									31-450
									Kraków",dla dzieci i młodzieży niepełnosprawnych intelektualnie - 25 miejsc oraz dla osób przewlekle somatycznie chorych 24 miejsca (Publiczny),49,2811/KR - 2021,185
Środowiskowy Dom Samopomocy Łaziska,,Powiat lipski,"ul. Łaziska 101,
									27-310 
									Łaziska",Dla osób niepełnosprawnych intelektualnie (Środowiskowy Dom Samopomocy),27,27405/KR - 2023,332
Dom Pomocy Społecznej Stara Wieś,,Powiat brzozowski,"Stara Wieś 823,
									36-200
									Brzozów",Dla dzieci i młodzieży niepełnosprawnych intelektualnie także ze sprzężoną niepełnosprawnością fizyczną (Publiczny),64,27906/KR - 2023,357
